doc_id,url,title,author,publish_date,category,difficulty,reading_time_min,views,rating,tags,summary,content
wiki_vi_002,https://vi.wikipedia.org/wiki/JavaScript,[JavaScript] JavaScript (Wikipedia Reference),Wikipedia VI Contributors,2024-05-01,JavaScript,Cơ bản,4,16234,4.8,javascript,"JavaScript, theo phiên bản hiện hành, là một ngôn ngữ lập trình được phát triển từ các ý niệm nguyên mẫu. Ngôn ngữ này được dùng rộng rãi cho các trang web (phía người dùng) cũng như phía máy chủ (với Nodejs). Nó vốn được phát triển bởi Brendan Eich tại Hãng truyền thông Netscape...","JavaScript, theo phiên bản hiện hành, là một ngôn ngữ lập trình được phát triển từ các ý niệm nguyên mẫu. Ngôn ngữ này được dùng rộng rãi cho các trang web (phía người dùng) cũng như phía máy chủ (với Nodejs). Nó vốn được phát triển bởi Brendan Eich tại Hãng truyền thông Netscape với cái tên đầu tiên Mocha, rồi sau đó đổi tên thành LiveScript, và cuối cùng thành JavaScript. Giống Java, JavaScript có cú pháp tương tự C, nhưng nó gần với Self hơn Java. .js là phần mở rộng thường được dùng cho tập tin mã nguồn JavaScript. Phiên bản mới nhất của JavaScript là ECMAScript 12. ECMAScript là phiên bản chuẩn hóa của JavaScript. Trình duyệt Mozilla phiên bản 1.8 beta 1 có hỗ trợ không đầy đủ cho E4X - phần mở rộng cho JavaScript hỗ trợ làm việc với XML, được chuẩn hóa trong ECMA-357."
wiki_vi_003,https://vi.wikipedia.org/wiki/L%E1%BA%ADp_tr%C3%ACnh_h%C6%B0%E1%BB%9Bng_%C4%91%E1%BB%91i_t%C6%B0%E1%BB%A3ng,[Thuật Toán & OOP] Lập trình hướng đối tượng (Wikipedia Reference),Wikipedia VI Contributors,2024-05-01,Thuật Toán & OOP,Cơ bản,8,17468,4.8,"lập, trình, hướng, đối, tượng, thuật toán & oop","Lập trình hướng đối tượng (tiếng Anh: object-oriented programming - OOP) là một mẫu hình lập trình dựa trên khái niệm ""đối tượng"", mà trong đó, đối tượng chứa đựng các dữ liệu trong các trường, thường được gọi là các thuộc tính; và mã nguồn, được tổ chức thành các phương thức. Ph...","Lập trình hướng đối tượng (tiếng Anh: object-oriented programming - OOP) là một mẫu hình lập trình dựa trên khái niệm ""đối tượng"", mà trong đó, đối tượng chứa đựng các dữ liệu trong các trường, thường được gọi là các thuộc tính; và mã nguồn, được tổ chức thành các phương thức. Phương thức giúp cho đối tượng có thể truy xuất và hiệu chỉnh các trường dữ liệu của đối tượng khác, mà đối tượng hiện tại có tương tác (đối tượng được hỗ trợ các phương thức ""this"" hoặc ""self""). Trong lập trình hướng đối tượng, chương trình máy tính được thiết kế bằng cách tách nó ra khỏi phạm vi các đối tượng tương tác với nhau. Ngôn ngữ lập trình hướng đối tượng khá đa dạng, phần lớn là các ngôn ngữ lập trình theo lớp, nghĩa là các đối tượng trong các ngôn ngữ này được xem như thực thể của một lớp, được dùng để định nghĩa một kiểu dữ liệu. OOP được xem là giúp tăng năng suất, đơn giản hóa độ phức tạp khi bảo trì cũng như mở rộng phần mềm bằng cách cho phép lập trình viên tập trung vào các đối tượng phần mềm ở bậc cao hơn. Ngoài ra, nhiều người còn cho rằng OOP dễ tiếp thu hơn cho những người mới học về lập trình hơn là các phương pháp trước đó. Một cách giản lược, đây là khái niệm và là một nỗ lực nhằm giảm nhẹ các thao tác viết mã cho người lập trình, cho phép họ tạo ra các ứng dụng mà các yếu tố bên ngoài có thể tương tác với các chương trình đó giống như là tương tác với các đối tượng vật lý. Những đối tượng trong một ngôn ngữ OOP là các kết hợp giữa mã và dữ liệu mà chúng được nhìn nhận như là một đơn vị duy nhất. Mỗi đối tượng có một tên riêng biệt và tất cả các tham chiếu đến đối tượng đó được tiến hành qua tên của nó. Như vậy, mỗi đối tượng có khả năng nhận vào các thông báo, xử lý dữ liệu (bên trong của nó), và gửi ra hay trả lời đến các đối tượng khác hay đến môi trường. Đa phần các ngôn ngữ lập trình thông dụng nhất hiện nay (như C++, Delphi, Java, Python, v.v...) là các ngôn ngữ lập trình đa mẫu hình và đều hỗ trợ lập trình hướng đối tượng ở nhiều mức độ khác nhau, thường được kết hợp với lập trình mệnh lệnh, lập trình thủ tục. Các ngôn ngữ lập trình hướng đối tượng đáng chú ý gồm có Java, C++, C#, Python, PHP, Ruby, Perl, Object Pascal, Objective-C, Dart, Swift, Scala, Common Lisp, và Smalltalk."
wiki_vi_005,https://vi.wikipedia.org/wiki/C%E1%BA%A5u_tr%C3%BAc_d%E1%BB%AF_li%E1%BB%87u,[Thuật Toán & OOP] Cấu trúc dữ liệu (Wikipedia Reference),Wikipedia VI Contributors,2024-05-01,Thuật Toán & OOP,Trung bình,4,19936,4.8,"cấu, trúc, liệu, thuật toán & oop","Trong khoa học máy tính, cấu trúc dữ liệu là một cách lưu dữ liệu trong máy tính sao cho nó có thể được sử dụng một cách hiệu quả. Trong thiết kế nhiều loại chương trình, việc chọn cấu trúc dữ liệu là vấn đề quan trọng. Kinh nghiệm trong việc xây dựng các hệ thống lớn cho thấy kh...","Trong khoa học máy tính, cấu trúc dữ liệu là một cách lưu dữ liệu trong máy tính sao cho nó có thể được sử dụng một cách hiệu quả. Trong thiết kế nhiều loại chương trình, việc chọn cấu trúc dữ liệu là vấn đề quan trọng. Kinh nghiệm trong việc xây dựng các hệ thống lớn cho thấy khó khăn của việc triển khai chương trình, chất lượng và hiệu năng của kết quả cuối cùng phụ thuộc rất nhiều vào việc chọn cấu trúc dữ liệu tốt nhất. Mỗi loại cấu trúc dữ liệu phù hợp với một vài loại ứng dụng khác nhau, một số cấu trúc dữ liệu dành cho những công việc đặc biệt. Ví dụ, các B-tree đặc biệt phù hợp trong việc thiết kế cơ sở dữ liệu. Sau khi cấu trúc dữ liệu được chọn, người ta thường dễ nhận thấy thuật toán cần sử dụng. Đôi khi trình tự công việc diễn ra theo thứ tự ngược lại: cấu trúc dữ liệu được chọn do những bài toán quan trọng nhất định có thuật toán chạy tốt nhất với một số cấu trúc dữ liệu cụ thể. Trong cả hai trường hợp, việc lựa chọn cấu trúc dữ liệu là rất quan trọng."
wiki_vi_006,https://vi.wikipedia.org/wiki/H%E1%BB%8Dc_m%C3%A1y,[AI & Machine Learning] Học máy (Wikipedia Reference),Wikipedia VI Contributors,2024-05-01,AI & Machine Learning,Nâng cao,4,21170,4.8,"học, máy, ai & machine learning","Học máy (tiếng Anh: Machine learning) là một lĩnh vực của trí tuệ nhân tạo (AI), hướng tới việc xây dựng các thuật toán và mô hình có khả năng ""học"" từ dữ liệu huấn luyện. Từ đó, các mô hình này có thể đưa ra dự đoán hoặc quyết định mà không cần được lập trình chi tiết cho từng t...","Học máy (tiếng Anh: Machine learning) là một lĩnh vực của trí tuệ nhân tạo (AI), hướng tới việc xây dựng các thuật toán và mô hình có khả năng ""học"" từ dữ liệu huấn luyện. Từ đó, các mô hình này có thể đưa ra dự đoán hoặc quyết định mà không cần được lập trình chi tiết cho từng tình huống cụ thể. Gần đây, một nhánh nhỏ của học máy là học sâu đã sử dụng mạng thần kinh nhân tạo giúp đạt kết quả vượt trội so với các phương pháp học máy khác. Học máy có liên hệ mật thiết với thống kê, vì cả hai lĩnh vực đều xây dựng mô hình từ dữ liệu để đưa ra suy luận. Điểm khác biệt chính là thống kê truyền thống thường tập trung vào việc kiểm định giả thuyết và diễn giải kết quả, trong khi học máy ưu tiên khả năng dự đoán và tự động hóa trên dữ liệu lớn. Ngày nay, học máy được ứng dụng rộng rãi trong nhiều lĩnh vực, từ tìm kiếm thông tin, chẩn đoán y khoa, phát hiện thư rác và gian lận tài chính, đến nhận dạng tiếng nói, dịch tự động, và điều khiển robot."
wiki_vi_007,https://vi.wikipedia.org/wiki/Tr%C3%AD_tu%E1%BB%87_nh%C3%A2n_t%E1%BA%A1o,[AI & Machine Learning] Trí tuệ nhân tạo (Wikipedia Reference),Wikipedia VI Contributors,2024-05-01,AI & Machine Learning,Nâng cao,12,22404,4.8,"trí, tuệ, nhân, tạo, ai & machine learning","Trí tuệ nhân tạo (tiếng Anh: Artificial intelligence, viết tắt là AI) là khả năng của các hệ thống máy tính thực hiện các nhiệm vụ liên quan đến trí thông minh của con người, như học tập, suy luận, giải quyết vấn đề, nhận thức và đưa ra quyết định. Đây là một lĩnh vực nghiên cứu ...","Trí tuệ nhân tạo (tiếng Anh: Artificial intelligence, viết tắt là AI) là khả năng của các hệ thống máy tính thực hiện các nhiệm vụ liên quan đến trí thông minh của con người, như học tập, suy luận, giải quyết vấn đề, nhận thức và đưa ra quyết định. Đây là một lĩnh vực nghiên cứu thuộc khoa học máy tính tập trung phát triển và nghiên cứu các phương pháp và phần mềm giúp máy móc có thể nhận thức môi trường xung quanh, cũng như sử dụng học tập và trí tuệ để thực hiện hành động nhằm tối đa hóa khả năng đạt được các mục tiêu đã định. Các ứng dụng nổi bật của AI bao gồm công cụ tìm kiếm web tiên tiến (ví dụ: Google Tìm kiếm); hệ thống đề xuất (được sử dụng bởi YouTube, Amazon và Netflix); trợ lý ảo (ví dụ: Trợ lý Google, Siri và Alexa); xe tự lái (ví dụ: Waymo); công cụ sáng tạo và nội dung tạo sinh (ví dụ: mô hình ngôn ngữ và nghệ thuật AI); cùng khả năng chơi và phân tích vượt trội hơn con người trong các trò chơi chiến lược (ví dụ: cờ vua và cờ vây). Tuy nhiên, nhiều ứng dụng AI không được nhận diện là AI: ""Rất nhiều công nghệ AI đỉnh cao đã được tích hợp vào các ứng dụng thông thường, thường không còn được gọi là AI vì một khi thứ gì đó trở nên đủ hữu ích và phổ biến, nó không còn được dán nhãn AI nữa."" Nhiều phân ngành trong nghiên cứu trí tuệ nhân tạo tập trung vào các mục tiêu cụ thể và sử dụng những công cụ đặc thù. Các mục tiêu truyền thống của nghiên cứu AI bao gồm học tập, lập luận, biểu diễn tri thức, lập kế hoạch, xử lý ngôn ngữ tự nhiên, nhận thức và hỗ trợ robot. Để đạt được những mục tiêu đó, các nhà nghiên cứu AI đã ứng dụng và tích hợp đa dạng kỹ thuật, như tìm kiếm và tối ưu hóa toán học, logic hình thức, mạng nơ-ron nhân tạo, cùng các phương pháp dựa trên thống kê, nghiên cứu hoạt động và kinh tế học. Ngoài ra, AI còn kế thừa kiến thức từ tâm lý học, ngôn ngữ học, triết học, khoa học thần kinh và nhiều lĩnh vực khác. Một số công ty như OpenAI, Google DeepMind và Meta, đang đặt mục tiêu phát triển trí tuệ nhân tạo tổng quát (AGI)—một dạng AI có khả năng thực hiện hầu hết mọi nhiệm vụ nhận thức ở mức độ ngang bằng hoặc vượt trội so với con người. Trí tuệ nhân tạo ban đầu được thành lập như một ngành học thuật vào năm 1956, và lĩnh vực này đã trải qua nhiều chu kỳ lạc quan trong suốt lịch sử, xen kẽ với nó là những giai đoạn thất vọng và mất nguồn tài trợ, được gọi là mùa đông AI. Nguồn tài trợ và sự quan tâm dần tăng mạnh sau năm 2012 khi các bộ xử lý đồ họa (GPU) bắt đầu được sử dụng để tăng tốc mạng nơ-ron và kỹ năng học sâu dần vượt trội hơn so với các kỹ thuật AI trước đó. Sự tăng trưởng này tiếp tục tăng tốc sau năm 2017 nhờ kiến trúc transformer. Trong những năm 2020, sự xuất hiện của trí tuệ nhân tạo tạo sinh tiên tiến đã trở nên nổi tiếng, đánh dấu giai đoạn tiến bộ nhanh chóng của lĩnh vực này với tên gọi là cơn sốt AI. Trí tuệ nhân tạo tạo sinh với khả năng tạo ra cũng như chỉnh sửa nội dung đã dẫn đến nhiều hậu quả ngoài ý muốn ở hiện tại. Những lo ngại về đạo đức cũng được nhắc đến về ảnh hưởng lâu dài của AI và những rủi ro tồn vong tiềm tàng, từ đó thúc đẩy các cuộc thảo luận về chính sách quản lý nhằm đảm bảo tính an toàn và lợi ích của công nghệ này."
wiki_vi_008,https://vi.wikipedia.org/wiki/C%C6%A1_s%E1%BB%9F_d%E1%BB%AF_li%E1%BB%87u_quan_h%E1%BB%87,[Database] Cơ sở dữ liệu quan hệ (Wikipedia Reference),Wikipedia VI Contributors,2024-05-01,Database,Cơ bản,4,23638,4.8,"liệu, quan, database","Cơ sở dữ liệu quan hệ (tiếng Anh: relational database) là một cơ sở dữ liệu (phổ biến nhất là kỹ thuật số) dựa trên mô hình quan hệ dữ liệu, theo đề xuất của Edgar F. Codd vào năm 1970. Một hệ thống phần mềm sử dụng để duy trì cơ sở dữ liệu quan hệ là một hệ quản trị cơ sở dữ liệ...","Cơ sở dữ liệu quan hệ (tiếng Anh: relational database) là một cơ sở dữ liệu (phổ biến nhất là kỹ thuật số) dựa trên mô hình quan hệ dữ liệu, theo đề xuất của Edgar F. Codd vào năm 1970. Một hệ thống phần mềm sử dụng để duy trì cơ sở dữ liệu quan hệ là một hệ quản trị cơ sở dữ liệu quan hệ (RDBMS). Nhiều hệ thống cơ sở dữ liệu quan hệ có tùy chọn sử dụng SQL (Ngôn ngữ truy vấn có cấu trúc) tiêu chuẩn để truy vấn và duy trì cơ sở dữ liệu."
wiki_vi_009,https://vi.wikipedia.org/wiki/SQL,[Database] SQL (Wikipedia Reference),Wikipedia VI Contributors,2024-05-01,Database,Cơ bản,4,24872,4.8,"sql, database","SQL ( , hoặc  ; viết tắt của Structured Query Language), dịch là Ngôn ngữ truy vấn mang tính cấu trúc, là một loại ngôn ngữ máy tính phổ biến để tạo, sửa, và lấy dữ liệu từ một hệ quản trị cơ sở dữ liệu quan hệ. Ngôn ngữ này phát triển vượt xa so với mục đích ban đầu là để phục v...","SQL ( , hoặc  ; viết tắt của Structured Query Language), dịch là Ngôn ngữ truy vấn mang tính cấu trúc, là một loại ngôn ngữ máy tính phổ biến để tạo, sửa, và lấy dữ liệu từ một hệ quản trị cơ sở dữ liệu quan hệ. Ngôn ngữ này phát triển vượt xa so với mục đích ban đầu là để phục vụ các hệ quản trị cơ sở dữ liệu đối tượng-quan hệ. Nó là một tiêu chuẩn ANSI/ISO."
wiki_vi_010,https://vi.wikipedia.org/wiki/Docker_(ph%E1%BA%A7n_m%E1%BB%81m),[Git & DevOps] Docker (phần mềm) (Wikipedia Reference),Wikipedia VI Contributors,2024-05-01,Git & DevOps,Trung bình,4,26106,4.8,"docker, phần, mềm, git & devops","Docker là một dự án mã nguồn mở giúp tự động triển khai các ứng dụng Linux và Windows vào trong các container ảo hóa. Docker cung cấp một lớp trừu tượng và tự động ảo hóa dựa trên Linux. Docker sử dụng những tài nguyên cô lập của Linux như cgroups, kernel, quản lý tệp để cho phép...","Docker là một dự án mã nguồn mở giúp tự động triển khai các ứng dụng Linux và Windows vào trong các container ảo hóa. Docker cung cấp một lớp trừu tượng và tự động ảo hóa dựa trên Linux. Docker sử dụng những tài nguyên cô lập của Linux như cgroups, kernel, quản lý tệp để cho phép các container chạy độc lập bên trong một thực thể Linux."
wiki_vi_013,https://vi.wikipedia.org/wiki/Microservices,[System Design] Microservices (Wikipedia Reference),Wikipedia VI Contributors,2024-05-01,System Design,Nâng cao,4,29808,4.8,"microservices, system design","Microservice là một kỹ thuật phát triển phần mềm, một biến thể của kiến trúc hướng dịch vụ (SOA) cấu trúc một ứng dụng như một tập hợp các dịch vụ được ghép lỏng lẻo. Trong kiến trúc microservice, các dịch vụ được xử lý tốt và các giao thức rất nhẹ. Lợi ích của việc phân tách một...","Microservice là một kỹ thuật phát triển phần mềm, một biến thể của kiến trúc hướng dịch vụ (SOA) cấu trúc một ứng dụng như một tập hợp các dịch vụ được ghép lỏng lẻo. Trong kiến trúc microservice, các dịch vụ được xử lý tốt và các giao thức rất nhẹ. Lợi ích của việc phân tách một ứng dụng thành các dịch vụ nhỏ hơn là nó cải thiện tính mô đun. Điều này làm cho ứng dụng dễ hiểu hơn, phát triển, thử nghiệm và trở nên linh hoạt hơn đối với xói mòn kiến trúc. Nó song song phát triển bằng cách cho phép các nhóm tự trị nhỏ phát triển, triển khai và mở rộng quy mô dịch vụ tương ứng của họ một cách độc lập. Nó cũng cho phép kiến trúc của một dịch vụ riêng lẻ xuất hiện thông qua tái cấu trúc liên tục. Kiến trúc dựa trên microservice cho phép phân phối và triển khai liên tục."
devto_001,https://dev.to/safvantsy/why-everyone-uses-localhost3000-the-history-of-dev-ports-3000-8000-8080-5173-llg,"[Python] 🚀 Why Everyone Uses localhost:3000 - The History of Dev Ports (3000, 8000, 8080, 5173)",Muhammed Safvan,2025-10-20,Python,Trung bình,3,3072,4.5,"webdev, programming, node, python",TL;DR:    Ever wondered why your dev servers always run on localhost:3000 or...,"TL;DR:    Ever wondered why your dev servers always run on localhost:3000 or... 🚀 Why Everyone Uses localhost:3000 - The History of Dev Ports (3000, 8000, 8080, 5173)"
devto_002,https://dev.to/maame-codes/suffering-from-bugs-how-i-almost-deleted-my-entire-project-1eef,[Python] Suffering from BUGS: How I Almost Deleted My Entire Project,Maame Afua A. P. Fordjour ,2026-02-19,Python,Trung bình,5,2532,4.9,"showdev, devops, python, typescript","You know that iconic DJ Khaled album, ""Suffering from Success""? The one where he looks overwhelmed by...","You know that iconic DJ Khaled album, ""Suffering from Success""? The one where he looks overwhelmed by..."
devto_003,https://dev.to/pascal_cescato_692b7a8a20/when-devto-stats-arent-enough-building-my-own-memory-5cid,[Python] When DEV.to Stats Aren't Enough: Building My Own Memory,Pascal CESCATO,2026-01-18,Python,Trung bình,12,2364,4.9,"devto, analytics, python, opensource","One Tuesday morning at 9:14 AM, my six-month-old article got 37 views in 20 minutes. DEV.to's...","One Tuesday morning at 9:14 AM, my six-month-old article got 37 views in 20 minutes. DEV.to's... When DEV.to Stats Aren't Enough: Building My Own Memory"
devto_004,https://dev.to/sylwia-lask/stop-installing-libraries-10-browser-apis-that-already-solve-your-problems-35bi,[JavaScript] Stop Installing Libraries: 10 Browser APIs That Already Solve Your Problems,Sylwia Laskowska,2026-02-04,JavaScript,Cơ bản,4,4380,4.9,"webdev, frontend, javascript",The web platform is way more powerful than most developers realize — and every year it quietly gains...,The web platform is way more powerful than most developers realize — and every year it quietly gains...
devto_005,https://dev.to/lissy93/i-built-an-app-in-every-frontend-framework-4a9g,[JavaScript] I built an app in every frontend framework,Alicia Sykes,2026-01-05,JavaScript,Cơ bản,13,4188,4.7,"performance, webdev, javascript, frontend","A detailed comparison of performance, dev experience and viability of frontend web frameworks in 2026","A detailed comparison of performance, dev experience and viability of frontend web frameworks in 2026"
devto_006,https://dev.to/sylwia-lask/9-things-youre-overengineering-the-browser-already-solved-them-o99,[JavaScript] 9 Things You’re Overengineering (The Browser Already Solved Them),Sylwia Laskowska,2026-04-02,JavaScript,Cơ bản,5,4212,4.9,"webdev, javascript, css, browser","I love writing philosophical essays — thoughts about code, work, all that stuff. I also love deep...","I love writing philosophical essays — thoughts about code, work, all that stuff. I also love deep..."
devto_007,https://dev.to/ben/my-ai-agent-messed-up-a-utc-time-conversion-algorithm-after-i-specifically-told-it-to-make-no-46k7,[Thuật Toán & OOP] My AI agent messed up a UTC time conversion algorithm after I *specifically told it* to make no mistakes. smh,Ben Halpern,2026-03-20,Thuật Toán & OOP,Trung bình,3,1488,4.6,"agents, ai, algorithms, discuss",A post by Ben Halpern,A post by Ben Halpern My AI agent messed up a UTC time conversion algorithm after I *specifically told it* to make no mistakes. smh
devto_008,https://dev.to/gnomeman4201/-threat-modeling-the-youtube-algorithm-a-security-researchers-guide-to-content-strategy-1lmi,[Thuật Toán & OOP] Threat Modeling the YouTube Algorithm: A Security Researcher's Guide to Content Strategy,GnomeMan4201,2025-11-22,Thuật Toán & OOP,Trung bình,13,1296,4.4,"cybersecurity, youtube, algorithms, devto","📌 Missed Part 1? Start here: YouTube Monetization, Speed, and Risks (Part 1)  This section continues...","📌 Missed Part 1? Start here: YouTube Monetization, Speed, and Risks (Part 1)  This section continues..."
devto_009,https://dev.to/okan_kaplan_livehtml/maqam-music-4513,[Thuật Toán & OOP] maqam music,okan kaplan,2026-01-10,Thuật Toán & OOP,Trung bình,3,1260,4.8,"algorithms, webdev, showdev, javascript",https://www.youtube.com/watch?v=miLwawvI6-k This project is an experimental sound engine that merges...,https://www.youtube.com/watch?v=miLwawvI6-k This project is an experimental sound engine that merges...
devto_010,https://dev.to/googleai/were-the-google-deepmind-team-building-gemini-google-ai-studio-and-more-ask-us-anything-4k4,"[AI & Machine Learning] We're the Google DeepMind Team building Gemini, Google AI Studio, and more! Ask Us Anything.",Paige Bailey,2025-08-19,AI & Machine Learning,Nâng cao,3,2424,4.7,"ama, ai, machinelearning, discuss",Hey DEV community! 👋  We're the team behind Google AI Studio and the Gemini API at Google DeepMind....,Hey DEV community! 👋  We're the team behind Google AI Studio and the Gemini API at Google DeepMind....
devto_011,https://dev.to/devteam/join-the-heroku-back-to-school-ai-challenge-3000-in-prizes-just-for-students-2me4,"[AI & Machine Learning] Join the Heroku ""Back to School"" AI Challenge: $3,000 in Prizes, just for students!",dev.to staff,2025-08-27,AI & Machine Learning,Nâng cao,5,2400,4.5,"herokuchallenge, devchallenge, ai, machinelearning",Winners Announced                                                                 Congrats...,"Winners Announced                                                                 Congrats... Join the Heroku ""Back to School"" AI Challenge: $3,000 in Prizes, just for students!"
devto_012,https://dev.to/marcosomma/maybe-i-just-do-not-get-it-5e3f,[AI & Machine Learning] 🧠Maybe I Just Do Not Get It!,marcosomma,2025-12-02,AI & Machine Learning,Nâng cao,12,1812,4.5,"ai, rag, machinelearning, opensource",I have been working with AI for a while now.  Not as a tourist. Not as a weekend hacker. Deep in it....,I have been working with AI for a while now.  Not as a tourist. Not as a weekend hacker. Deep in it....
devto_013,https://dev.to/catatsuy/why-i-as-someone-who-likes-mysql-now-want-to-recommend-postgresql-2a8i,"[Database] Why I, as Someone Who Likes MySQL, Now Want to Recommend PostgreSQL",catatsuy,2026-03-15,Database,Cơ bản,13,1488,4.6,"mysql, postgres, database, sql","Why I now recommend PostgreSQL for new applications, even though I still like MySQL and have used it for a long time.","Why I now recommend PostgreSQL for new applications, even though I still like MySQL and have used it for a long time."
devto_014,https://dev.to/richardbaxter/sqlite-as-an-mcp-context-saver-stop-cramming-raw-api-data-into-your-llm-2oj4,[Database] SQLite as an MCP context saver: stop cramming raw API data into your LLM,Richard Baxter,2026-03-04,Database,Cơ bản,9,1452,4.3,"ai, mcp, sql",Most MCP servers dump raw API responses into the conversation. I've been using SQLite as a dependency...,Most MCP servers dump raw API responses into the conversation. I've been using SQLite as a dependency...
devto_015,https://dev.to/mongodb/nested-loop-and-hash-join-for-mongodb-lookup-259d,[Database] Nested Loop and Hash Join for MongoDB $lookup,Franck Pachot,2025-11-17,Database,Cơ bản,10,1428,4.8,"mongodb, document, sql, database",SQL databases offer several join algorithms. The query planner selects the most efficient one by...,SQL databases offer several join algorithms. The query planner selects the most efficient one by... Nested Loop and Hash Join for MongoDB $lookup
devto_016,https://dev.to/maame-codes/suffering-from-bugs-how-i-almost-deleted-my-entire-project-1eef,[Git & DevOps] Suffering from BUGS: How I Almost Deleted My Entire Project,Maame Afua A. P. Fordjour ,2026-02-19,Git & DevOps,Trung bình,5,2532,4.9,"showdev, devops, python, typescript","You know that iconic DJ Khaled album, ""Suffering from Success""? The one where he looks overwhelmed by...","You know that iconic DJ Khaled album, ""Suffering from Success""? The one where he looks overwhelmed by..."
devto_017,https://dev.to/maame-codes/i-stopped-trying-to-learn-every-devops-tool-and-started-building-a-platform-instead-33i6,[Git & DevOps] I Stopped Trying to Learn Every DevOps Tool: And Started Building a Platform Instead,Maame Afua A. P. Fordjour ,2026-02-11,Git & DevOps,Trung bình,3,3024,4.8,"devops, career, learning, showdev",The DevOps Hero Burnout is Real  Let's be real for a second. being a student and juggling school work...,The DevOps Hero Burnout is Real  Let's be real for a second. being a student and juggling school work...
devto_018,https://dev.to/highflyer910/i-thought-my-backups-were-safe-until-i-tried-restoring-one-387i,[Git & DevOps] I Thought My Backups Were Safe - Until I Tried Restoring One,Thea,2025-10-06,Git & DevOps,Trung bình,4,1440,4.9,"webdev, backup, database, devops","Imagine this: you wake up one morning, open your app, and something's wrong. Your database is gone....","Imagine this: you wake up one morning, open your app, and something's wrong. Your database is gone...."
devto_019,https://dev.to/sylwia-lask/stop-installing-libraries-10-browser-apis-that-already-solve-your-problems-35bi,[Web Development] Stop Installing Libraries: 10 Browser APIs That Already Solve Your Problems,Sylwia Laskowska,2026-02-04,Web Development,Cơ bản,4,4380,4.9,"webdev, frontend, javascript",The web platform is way more powerful than most developers realize — and every year it quietly gains...,The web platform is way more powerful than most developers realize — and every year it quietly gains...
devto_020,https://dev.to/adamthedeveloper/youre-not-building-netflix-stop-coding-like-you-are-1707,[Web Development] You're Not Building Netflix: Stop Coding Like You Are,Adam - The Developer ✨,2025-11-23,Web Development,Cơ bản,10,5340,4.5,"webdev, programming, architecture, typescript","You know what's hilarious? Fresh bootcamp grads write code that's too simple. Six months later, after...","You know what's hilarious? Fresh bootcamp grads write code that's too simple. Six months later, after..."
devto_021,https://dev.to/lissy93/i-built-an-app-in-every-frontend-framework-4a9g,[Web Development] I built an app in every frontend framework,Alicia Sykes,2026-01-05,Web Development,Cơ bản,13,4188,4.7,"performance, webdev, javascript, frontend","A detailed comparison of performance, dev experience and viability of frontend web frameworks in 2026","A detailed comparison of performance, dev experience and viability of frontend web frameworks in 2026"
